label,T,d,k,mean_O_ij,obar,obar_k_root,final_loss,n_qubits,reference_haar,reference_advantage,converged,training_phases,elapsed_seconds,wall_seconds,run_dir,series
T32_d2_k2,32,2,2,0.3973411665950837,0.3973411665950837,0.6303494789581174,6.341602178568344,13,0.3535533905932738,1.0,False,"[{'k': 2, 'epochs_run': 2000, 'final_loss': 6.341602178568344, 'converged': False}]",4.301506489049643,11.260596161941066,results/study/definitive_complexity_T32_modeboth/T32_d2_k2,d
T32_d4_k2,32,4,2,0.293565864849051,0.293565864849051,0.5417396031934559,2.4594705212145493,16,0.125,0.5,False,"[{'k': 2, 'epochs_run': 300, 'final_loss': 2.4594705212145493, 'converged': False}]",1.7530140611343086,0.0,results/study/definitive_complexity_T32_modeboth/T32_d4_k2,d
T32_d8_k2,32,8,2,0.2690469656890364,0.2690469656890364,0.5186710107824763,2.626296468623193,19,0.04419417382415922,0.25,False,"[{'k': 2, 'epochs_run': 2000, 'final_loss': 2.626296468623193, 'converged': False}]",5.395921922987327,12.423489865963347,results/study/definitive_complexity_T32_modeboth/T32_d8_k2,d
T32_d16_k2,32,16,2,0.14633342667483423,0.14633342667483423,0.38251622562337884,3.8452416615934695,22,0.015625,0.125,False,"[{'k': 2, 'epochs_run': 2000, 'final_loss': 3.8452416615934695, 'converged': False}]",8.3281090259552,15.349526791018434,results/study/definitive_complexity_T32_modeboth/T32_d16_k2,d
T32_d32_k2,32,32,2,0.16396290014675446,0.16396290014675446,0.40491518377895375,3.616953786422286,25,0.005524271728019903,0.0625,False,"[{'k': 2, 'epochs_run': 2000, 'final_loss': 3.616953786422286, 'converged': False}]",14.192890824982896,21.27311269904021,results/study/definitive_complexity_T32_modeboth/T32_d32_k2,d
T8_d2_k2,8,2,2,0.4642393714700447,0.4642393714700447,0.6813482773801367,3.7791825889918584,9,0.3535533905932738,1.0,False,"[{'k': 2, 'epochs_run': 2000, 'final_loss': 3.7791825889918584, 'converged': False}]",1.7542465403676033,8.801138720475137,results/study/definitive_complexity_T32_modeboth/T8_d2_k2,d_by_T
T8_d32_k2,8,32,2,0.2718928174273505,0.2718928174273505,0.5213956838343616,2.6057274646856676,21,0.005524271728019903,0.0625,False,"[{'k': 2, 'epochs_run': 2000, 'final_loss': 2.6057274646856676, 'converged': False}]",7.90500205103308,15.133754051290452,results/study/definitive_complexity_T32_modeboth/T8_d32_k2,d_by_T
T16_d2_k2,16,2,2,0.378978549446917,0.378978549446917,0.6156114076821679,5.130487197558049,11,0.3535533905932738,1.0,False,"[{'k': 2, 'epochs_run': 2000, 'final_loss': 5.130487197558049, 'converged': False}]",2.081740466877818,9.071945186704397,results/study/definitive_complexity_T32_modeboth/T16_d2_k2,d_by_T
T16_d32_k2,16,32,2,0.22477494600355685,0.22477494600355685,0.4740917311796956,2.9859360064477545,23,0.005524271728019903,0.0625,False,"[{'k': 2, 'epochs_run': 2000, 'final_loss': 2.9859360064477545, 'converged': False}]",9.933725387789309,17.081864307634532,results/study/definitive_complexity_T32_modeboth/T16_d32_k2,d_by_T
