label,T,d,k,mean_O_ij,obar,obar_k_root,final_loss,n_qubits,reference_haar,reference_advantage,converged,training_phases,elapsed_seconds,wall_seconds,run_dir,series
T32_d2_k2,32,2,2,0.4104105376368223,0.4104105376368223,0.6406328636987841,3.271869341051276,15,0.3535533905932738,1.0,False,"[{'k': 2, 'epochs_run': 800, 'final_loss': 3.271869341051276, 'converged': False}]",2.3802535263821483,11.77904865052551,results/study/definitive_complexity_poly_T32_modeboth/T32_d2_k2,d
T32_d4_k2,32,4,2,0.16048893494420857,0.16048893494420857,0.40060352283897693,2.999490272256951,18,0.125,0.5,True,"[{'k': 2, 'epochs_run': 293, 'final_loss': 2.999490272256951, 'converged': True}]",1.6503286268562078,11.17958813905716,results/study/definitive_complexity_poly_T32_modeboth/T32_d4_k2,d
T32_d8_k2,32,8,2,0.12656476413869222,0.12656476413869222,0.35574444616810397,2.999310024036273,21,0.04419417382415922,0.25,True,"[{'k': 2, 'epochs_run': 507, 'final_loss': 2.999310024036273, 'converged': True}]",2.646968128159642,12.202473525889218,results/study/definitive_complexity_poly_T32_modeboth/T32_d8_k2,d
T32_d16_k2,32,16,2,0.03981561458911057,0.03981561458911057,0.1995060451341074,4.871252786302087,24,0.015625,0.125,False,"[{'k': 2, 'epochs_run': 800, 'final_loss': 4.871252786302087, 'converged': False}]",4.62746715079993,14.045870746485889,results/study/definitive_complexity_poly_T32_modeboth/T32_d16_k2,d
T32_d32_k2,32,32,2,0.03747008170860577,0.03747008170860577,0.19355966925133555,5.358504336041085,27,0.005524271728019903,0.0625,False,"[{'k': 2, 'epochs_run': 800, 'final_loss': 5.358504336041085, 'converged': False}]",7.047100406140089,16.403795579448342,results/study/definitive_complexity_poly_T32_modeboth/T32_d32_k2,d
T8_d2_k2,8,2,2,0.41645109495675353,0.41645109495675353,0.6453153470406822,2.999360798969032,11,0.3535533905932738,1.0,True,"[{'k': 2, 'epochs_run': 504, 'final_loss': 2.999360798969032, 'converged': True}]",1.3249288550578058,10.611364010022953,results/study/definitive_complexity_poly_T32_modeboth/T8_d2_k2,d_by_T
T8_d32_k2,8,32,2,0.09207002599517258,0.09207002599517258,0.30333381487311806,3.9597047253244924,23,0.005524271728019903,0.0625,False,"[{'k': 2, 'epochs_run': 800, 'final_loss': 3.9597047253244924, 'converged': False}]",4.38554047094658,13.776809575036168,results/study/definitive_complexity_poly_T32_modeboth/T8_d32_k2,d_by_T
T16_d2_k2,16,2,2,0.4095491130267015,0.4095491130267015,0.6399597684056295,3.1392897221025127,13,0.3535533905932738,1.0,False,"[{'k': 2, 'epochs_run': 800, 'final_loss': 3.1392897221025127, 'converged': False}]",1.553476382046938,10.912432380951941,results/study/definitive_complexity_poly_T32_modeboth/T16_d2_k2,d_by_T
T16_d32_k2,16,32,2,0.05700238787289352,0.05700238787289352,0.2387150729194226,4.651835569174375,25,0.005524271728019903,0.0625,False,"[{'k': 2, 'epochs_run': 800, 'final_loss': 4.651835569174375, 'converged': False}]",5.278354316949844,14.58124967792537,results/study/definitive_complexity_poly_T32_modeboth/T16_d32_k2,d_by_T
